{
	"partitions" : [
		{
			"name" : "Top",
			"pins" : [
				{
					"name" : "dot_row[0]",
					"strict" : false
				},
				{
					"name" : "dot_row[1]",
					"strict" : false
				},
				{
					"name" : "dot_row[2]",
					"strict" : false
				},
				{
					"name" : "dot_row[3]",
					"strict" : false
				},
				{
					"name" : "dot_row[4]",
					"strict" : false
				},
				{
					"name" : "dot_row[5]",
					"strict" : false
				},
				{
					"name" : "dot_row[6]",
					"strict" : false
				},
				{
					"name" : "dot_row[7]",
					"strict" : false
				},
				{
					"name" : "dot_col[0]",
					"strict" : false
				},
				{
					"name" : "dot_col[1]",
					"strict" : false
				},
				{
					"name" : "dot_col[2]",
					"strict" : false
				},
				{
					"name" : "dot_col[3]",
					"strict" : false
				},
				{
					"name" : "dot_col[4]",
					"strict" : false
				},
				{
					"name" : "dot_col[5]",
					"strict" : false
				},
				{
					"name" : "dot_col[6]",
					"strict" : false
				},
				{
					"name" : "dot_col[7]",
					"strict" : false
				},
				{
					"name" : "countdown_out[0]",
					"strict" : false
				},
				{
					"name" : "countdown_out[1]",
					"strict" : false
				},
				{
					"name" : "countdown_out[2]",
					"strict" : false
				},
				{
					"name" : "countdown_out[3]",
					"strict" : false
				},
				{
					"name" : "countdown_out[4]",
					"strict" : false
				},
				{
					"name" : "countdown_out[5]",
					"strict" : false
				},
				{
					"name" : "countdown_out[6]",
					"strict" : false
				},
				{
					"name" : "score_out1[0]",
					"strict" : false
				},
				{
					"name" : "score_out1[1]",
					"strict" : false
				},
				{
					"name" : "score_out1[2]",
					"strict" : false
				},
				{
					"name" : "score_out1[3]",
					"strict" : false
				},
				{
					"name" : "score_out1[4]",
					"strict" : false
				},
				{
					"name" : "score_out1[5]",
					"strict" : false
				},
				{
					"name" : "score_out1[6]",
					"strict" : false
				},
				{
					"name" : "score_out2[0]",
					"strict" : false
				},
				{
					"name" : "score_out2[1]",
					"strict" : false
				},
				{
					"name" : "score_out2[2]",
					"strict" : false
				},
				{
					"name" : "score_out2[3]",
					"strict" : false
				},
				{
					"name" : "score_out2[4]",
					"strict" : false
				},
				{
					"name" : "score_out2[5]",
					"strict" : false
				},
				{
					"name" : "score_out2[6]",
					"strict" : false
				},
				{
					"name" : "current_player_out[0]",
					"strict" : false
				},
				{
					"name" : "current_player_out[3]",
					"strict" : false
				},
				{
					"name" : "current_player_out[4]",
					"strict" : false
				},
				{
					"name" : "current_player_out[5]",
					"strict" : false
				},
				{
					"name" : "clock",
					"strict" : false
				},
				{
					"name" : "ball_input[0]",
					"strict" : false
				},
				{
					"name" : "gp_input[0]",
					"strict" : false
				},
				{
					"name" : "ball_input[1]",
					"strict" : false
				},
				{
					"name" : "gp_input[1]",
					"strict" : false
				},
				{
					"name" : "total_reset",
					"strict" : false
				}
			]
		}
	]
}